Name of movie,Year of relase,Watchtime,Movie Rating,Metascore,Votes,Gross collection,Description,Director,Star
The Shawshank Redemption,1994,142,9.3,82,"2,747,657",$28.34M,"Over the course of several years, two convicts form a friendship, seeking consolation and, eventually, redemption through basic compassion.",Frank Darabont,"['Tim Robbins', 'Morgan Freeman', 'Bob Gunton', 'William Sadler', 'Clancy Brown', 'Gil Bellows', 'Mark Rolston', 'James Whitmore', 'Jeffrey DeMunn', 'Larry Brandenburg', 'Neil Giuntoli', 'Brian Libby', 'David Proval', 'Joseph Ragno', 'Jude Ciccolella', 'Paul McCrane', 'Renee Blaine', 'Scott Mann']"
The Godfather,1972,175,9.2,100,"1,911,065",$134.97M,"Don Vito Corleone, head of a mafia family, decides to hand over his empire to his youngest son Michael. However, his decision unintentionally puts the lives of his loved ones in grave danger.",Francis Ford Coppola,"['Marlon Brando', 'Al Pacino', 'James Caan', 'Diane Keaton', 'Richard S. Castellano', 'Robert Duvall', 'Sterling Hayden', 'John Marley', 'Richard Conte', 'Al Lettieri', 'Abe Vigoda', 'Talia Shire', 'Gianni Russo', 'John Cazale', 'Rudy Bond', 'Al Martino', 'Morgana King', 'Lenny Montana']"
Spider-Man: Across the Spider-Verse,2023,140,9.1,86,"56,773",#15,"Miles Morales catapults across the Multiverse, where he encounters a team of Spider-People charged with protecting its very existence. When the heroes clash on how to handle a new threat, Miles must redefine what it means to be a hero.","Directors:Joaquim Dos Santos, Kemp Powers, Justin K. Thompson","['Shameik Moore', 'Hailee Steinfeld', 'Brian Tyree Henry', 'Luna Lauren Velez', 'Jake Johnson', 'Oscar Isaac', 'Jason Schwartzman', 'Issa Rae', 'Daniel Kaluuya', 'Karan Soni', 'Shea Whigham', 'Greta Lee', 'Mahershala Ali', 'Amandla Stenberg', 'Jharrel Jerome', 'Andy Samberg', 'Jack Quaid', 'Rachel Dratch']"
The Dark Knight,2008,152,9,84,"2,720,357",$534.86M,"When the menace known as the Joker wreaks havoc and chaos on the people of Gotham, Batman must accept one of the greatest psychological and physical tests of his ability to fight injustice.",Christopher Nolan,"['Christian Bale', 'Heath Ledger', 'Aaron Eckhart', 'Michael Caine', 'Maggie Gyllenhaal', 'Gary Oldman', 'Morgan Freeman', 'Monique Gabriela Curnen', 'Ron Dean', 'Cillian Murphy', 'Chin Han', 'Nestor Carbonell', 'Eric Roberts', 'Ritchie Coster', 'Anthony Michael Hall', 'Keith Szarabajka', 'Colin McFarlane', 'Joshua Harto']"
Schindler's List,1993,195,9,95,"1,385,960",$96.90M,"In German-occupied Poland during World War II, industrialist Oskar Schindler gradually becomes concerned for his Jewish workforce after witnessing their persecution by the Nazis.",Steven Spielberg,"['Liam Neeson', 'Ralph Fiennes', 'Ben Kingsley', 'Caroline Goodall', 'Jonathan Sagall', 'Embeth Davidtz', 'Malgorzata Gebel', 'Shmuel Levy', 'Mark Ivanir', 'BÇatrice Macola', 'Andrzej Seweryn', 'Friedrich von Thun', 'Krzysztof Luft', 'Harry Nehring', 'Norbert Weisser', 'Adi Nitzan', 'Michael Schneider', 'Miri Fabian']"
The Godfather Part II,1974,202,9,90,"1,301,804",$57.30M,"The early life and career of Vito Corleone in 1920s New York City is portrayed, while his son, Michael, expands and tightens his grip on the family crime syndicate.",Francis Ford Coppola,"['Al Pacino', 'Robert De Niro', 'Robert Duvall', 'Diane Keaton', 'John Cazale', 'Talia Shire', 'Lee Strasberg', 'Michael V. Gazzo', 'G.D. Spradlin', 'Richard Bright', 'Gastone Moschin', 'Tom Rosqui', 'Bruno Kirby', 'Frank Sivero', 'Francesca De Sapio', 'Morgana King', 'Marianna Hill', 'Leopoldo Trieste']"
The Lord of the Rings: The Return of the King,2003,201,9,94,"1,888,313",$377.85M,Gandalf and Aragorn lead the World of Men against Sauron's army to draw his gaze from Frodo and Sam as they approach Mount Doom with the One Ring.,Peter Jackson,"['Elijah Wood', 'Viggo Mortensen', 'Ian McKellen', 'Orlando Bloom', 'Noel Appleby', 'Ali Astin', 'Sean Astin', 'David Aston', 'John Bach', 'Sean Bean', 'Cate Blanchett', 'Billy Boyd', 'Sadwyn Brophy', 'Alistair Browning', 'Marton Csokas', 'Richard Edge', 'Jason Fitch', 'Bernard Hill']"
12 Angry Men,1957,96,9,97,"813,599",$4.36M,The jury in a New York City murder trial is frustrated by a single member whose skeptical caution forces them to more carefully consider the evidence before jumping to a hasty verdict.,Sidney Lumet,"['Henry Fonda', 'Lee J. Cobb', 'Martin Balsam', 'John Fiedler', 'E.G. Marshall', 'Jack Klugman', 'Edward Binns', 'Jack Warden', 'Joseph Sweeney', 'Ed Begley', 'George Voskovec', 'Robert Webber', 'Rudy Bond', 'Tom Gorman', 'James Kelly', 'Billy Nelson', 'John Savoca', 'Walter Stocker']"
Pulp Fiction,1994,154,8.9,95,"2,111,206",$107.93M,"The lives of two mob hitmen, a boxer, a gangster and his wife, and a pair of diner bandits intertwine in four tales of violence and redemption.",Quentin Tarantino,"['John Travolta', 'Uma Thurman', 'Samuel L. Jackson', 'Bruce Willis', 'Tim Roth', 'Amanda Plummer', 'Laura Lovelace', 'Phil LaMarr', 'Frank Whaley', 'Burr Steers', 'Ving Rhames', 'Paul Calderon', 'Bronagh Gallagher', 'Rosanna Arquette', 'Eric Stoltz', 'Jerome Patrick Hoban', 'Michael Gilden', 'Gary Shorelle']"
Inception,2010,148,8.8,74,"2,414,762",$292.58M,"A thief who steals corporate secrets through the use of dream-sharing technology is given the inverse task of planting an idea into the mind of a C.E.O., but his tragic past may doom the project and his team to disaster.",Christopher Nolan,"['Leonardo DiCaprio', 'Joseph Gordon-Levitt', 'Elliot Page', 'Ken Watanabe', 'Tom Hardy', 'Dileep Rao', 'Cillian Murphy', 'Tom Berenger', 'Marion Cotillard', 'Pete Postlethwaite', 'Michael Caine', 'Lukas Haas', 'Tai-Li Lee', 'Claire Geare', 'Magnus Nolan', 'Taylor Geare', 'Johnathan Geare', 'Tohoru Masamune']"
The Lord of the Rings: The Fellowship of the Ring,2001,178,8.8,92,"1,916,924",$315.54M,A meek Hobbit from the Shire and eight companions set out on a journey to destroy the powerful One Ring and save Middle-earth from the Dark Lord Sauron.,Peter Jackson,"['Elijah Wood', 'Ian McKellen', 'Orlando Bloom', 'Sean Bean', 'Alan Howard', 'Noel Appleby', 'Sean Astin', 'Sala Baker', 'Billy Boyd', 'Andy Serkis', 'Marton Csokas', 'Viggo Mortensen', 'Megan Edwards', 'Michael Elsworth', 'Cate Blanchett', 'Mark Ferguson', 'Ian Holm', 'Christopher Lee']"
Fight Club,1999,139,8.8,66,"2,188,017",$37.03M,An insomniac office worker and a devil-may-care soap maker form an underground fight club that evolves into much more.,David Fincher,"['Brad Pitt', 'Edward Norton', 'Meat Loaf', 'Zach Grenier', 'Richmond Arquette', 'David Andrews', 'George Maguire', 'Eugenie Bondurant', 'Christina Cabot', 'Helena Bonham Carter', ""Sydney 'Big Dawg' Colston"", 'Rachel Singer', 'Christie Cronenweth', 'Tim DeZarn', 'Ezra Buzzington', 'Dierdre Downing-Jackson', 'Bob Stephenson', 'Charlie Dell']"
Forrest Gump,1994,142,8.8,82,"2,137,700",$330.25M,"The presidencies of Kennedy and Johnson, the Vietnam War, the Watergate scandal and other historical events unfold from the perspective of an Alabama man with an IQ of 75, whose only desire is to be reunited with his childhood sweetheart.",Robert Zemeckis,"['Tom Hanks', 'Robin Wright', 'Gary Sinise', 'Sally Field', 'Rebecca Williams', 'Michael Conner Humphreys', 'Harold G. Herthum', 'George Kelly', 'Bob Penny', 'John Randall', 'Sam Anderson', 'Margo Moorer', 'Ione M. Telech', 'Christine Seabrook', 'John Worsham', 'Peter Dobson', 'Siobhan Fallon Hogan', 'Alexander Zemeckis']"
"Il buono, il brutto, il cattivo",1966,161,8.8,90,"777,693",$6.10M,A bounty hunting scam joins two men in an uneasy alliance against a third in a race to find a fortune in gold buried in a remote cemetery.,Sergio Leone,"['Clint Eastwood', 'Eli Wallach', 'Lee Van Cleef', 'Aldo Giuffrä', 'Luigi Pistilli', 'Rada Rassimov', 'Enzo Petito', 'Claudio Scarchilli', 'John Bartha', 'Livio Lorenzon', 'Antonio Casale', 'Sandro Scarchilli', 'Benito Stefanelli', 'Angelo Novi', 'Antonio Casas', 'Aldo Sambrell', 'Al Mulock', 'Sergio Mendiz†bal']"
The Lord of the Rings: The Two Towers,2002,179,8.8,87,"1,704,335",$342.55M,"While Frodo and Sam edge closer to Mordor with the help of the shifty Gollum, the divided fellowship makes a stand against Sauron's new ally, Saruman, and his hordes of Isengard.",Peter Jackson,"['Elijah Wood', 'Ian McKellen', 'Viggo Mortensen', 'Orlando Bloom', 'Bruce Allpress', 'Sean Astin', 'John Bach', 'Sala Baker', 'Cate Blanchett', 'Billy Boyd', 'Jed Brophy', 'Sam Comery', 'Brad Dourif', 'Calum Gittins', 'Bernard Hill', 'Bruce Hopkins', 'Paris Howe Strewe', 'Christopher Lee']"
Jai Bhim,2021,164,8.8,^^^^^^,"206,934",#235,"When a tribal man is arrested for a case of alleged theft, his wife turns to a human-rights lawyer to help bring justice.",T.J. Gnanavel,"['Suriya', 'Lijo Mol Jose', 'Manikandan K.', 'Rajisha Vijayan', 'Prakash Raj', 'Rao Ramesh', 'Guru Somasundaram', 'M.S. Bhaskar', 'V. Jayaprakash', 'Sibi Thomas', 'Ilavarasu', 'Jayarao', 'Sujatha Sivakumar', 'Ravi Venkatraman', 'Tamizh', 'Kumaravel', 'Supergood Subramani', 'Bala Hasan']"
Rocketry: The Nambi Effect,2022,157,8.8,^^^^^^,"53,530",*****,"Based on the life of Indian Space Research Organization scientist Nambi Narayanan, who was framed for being a spy and arrested in 1994. Though free, he continues to fight for justice against the officials who falsely implicated him.",Madhavan,"['Madhavan', 'Simran', 'Rajit Kapoor', 'Ravi Raghavendra', 'Misha Ghoshal', 'Shyam Renganathan', 'Muralidaran', 'Karthik Kumar', 'Sam Mohan', 'Rajeev Ravindranathan', 'Dinesh Prabhakar', 'Mohan Raman', 'Ron Donachie', 'Phyllis Logan', 'Vincent Riotta', 'Bijou Thaangjam', 'Jagan', 'Amaan']"
777 Charlie,2022,164,8.8,^^^^^^,"34,893",*****,Dharma is stuck in a rut with his negative and lonely lifestyle and spends each day in the comfort of his loneliness. A pup named Charlie enters his life and gives him a new perspective towards it.,Kiranraj K,"['Rakshit Shetty', 'Charlie', 'Sangeetha Sringeri', 'Raj B. Shetty', 'Bobby Simha', 'Danish Sait', 'Sharvari', 'Aniruddh Roy', 'Harini', 'Siddharth Bhat', 'Praanya P. Rao', 'Anirudh Mahesh', 'Gopalkrishna Deshpande', 'Abhijit Mahesh', 'Bengaluru Nagesh', 'Salman Ahmed', 'Dhanraj Shivkumar', 'Vijay Vikram Singh']"
Interstellar,2014,169,8.7,74,"1,912,715",$188.02M,"When Earth becomes uninhabitable in the future, a farmer and ex-NASA pilot, Joseph Cooper, is tasked to pilot a spacecraft, along with a team of researchers, to find a new planet for humans.",Christopher Nolan,"['Matthew McConaughey', 'Anne Hathaway', 'Jessica Chastain', 'Mackenzie Foy', 'Ellen Burstyn', 'John Lithgow', 'TimothÇe Chalamet', 'David Oyelowo', 'Collette Wolfe', 'Francis X. McCarthy', 'Bill Irwin', 'Andrew Borba', 'Wes Bentley', 'William Devane', 'Michael Caine', 'David Gyasi', 'Josh Stewart', 'Casey Affleck']"
GoodFellas,1990,145,8.7,92,"1,192,555",$46.84M,"The story of Henry Hill and his life in the mafia, covering his relationship with his wife Karen and his mob partners Jimmy Conway and Tommy DeVito.",Martin Scorsese,"['Robert De Niro', 'Ray Liotta', 'Joe Pesci', 'Lorraine Bracco', 'Paul Sorvino', 'Frank Sivero', 'Tony Darrow', 'Mike Starr', 'Frank Vincent', 'Chuck Low', 'Frank DiLeo', 'Henny Youngman', 'Gina Mastrogiacomo', 'Catherine Scorsese', 'Charles Scorsese', 'Suzanne Shepherd', 'Debi Mazar', 'Margo Winkler']"
The Matrix,1999,136,8.7,73,"1,959,189",$171.48M,"When a beautiful stranger leads computer hacker Neo to a forbidding underworld, he discovers the shocking truth--the life he knows is the elaborate deception of an evil cyber-intelligence.","Directors:Lana Wachowski, Lilly Wachowski","['Keanu Reeves', 'Laurence Fishburne', 'Carrie-Anne Moss', 'Hugo Weaving', 'Gloria Foster', 'Joe Pantoliano', 'Marcus Chong', 'Julian Arahanga', 'Matt Doran', 'Belinda McClory', 'Anthony Ray Parker', 'Paul Goddard', 'Robert Taylor', 'David Aston', 'Marc Aden Gray', 'Ada Nicodemou', 'Deni Gordon', 'Rowan Witt']"
One Flew Over the Cuckoo's Nest,1975,133,8.7,84,"1,029,329",$112.00M,"In the Fall of 1963, a Korean War veteran and criminal pleads insanity and is admitted to a mental institution, where he rallies up the scared patients against the tyrannical nurse.",Milos Forman,"['Jack Nicholson', 'Louise Fletcher', 'Michael Berryman', 'Peter Brocco', 'Dean R. Brooks', 'Alonzo Brown', 'Scatman Crothers', 'Mwako Cumbuka', 'Danny DeVito', 'William Duell', 'Josip Elic', 'Lan Fendors', 'Nathan George', 'Ken Kenny', 'Mel Lambert', 'Sydney Lassick', 'Kay Lee', 'Christopher Lloyd']"
Star Wars: Episode V - The Empire Strikes Back,1980,124,8.7,82,"1,321,999",$290.48M,"After the Rebels are overpowered by the Empire, Luke Skywalker begins his Jedi training with Yoda, while his friends are pursued across the galaxy by Darth Vader and bounty hunter Boba Fett.",Irvin Kershner,"['Mark Hamill', 'Harrison Ford', 'Carrie Fisher', 'Billy Dee Williams', 'Anthony Daniels', 'David Prowse', 'Peter Mayhew', 'Kenny Baker', 'Frank Oz', 'Alec Guinness', 'Jeremy Bulloch', 'John Hollis', 'Jack Purvis', 'Des Webb', 'Clive Revill', 'Kenneth Colley', 'Julian Glover', 'Michael Sheard']"
Soorarai Pottru,2020,153,8.7,^^^^^^,"119,544",*****,"Nedumaaran Rajangam ""Maara"" sets out to make the common man fly and in the process takes on the world's most capital intensive industry and several enemies who stand in his way.",Sudha Kongara,"['Suriya', 'Paresh Rawal', 'Urvashi', 'Aparna Balamurali', 'Achyuth Kumar', 'Prakash Belawadi', 'Mohan Babu', 'Kaali Venkat', 'Vinodhini Vaidynathan', 'Aarti Desai', 'Dan Dhanoa', 'Supergood Subramani', 'Alysha Melani', 'R.S. Shivaji', 'Vivek Prasanna', 'Karunas', 'Malini Sathappan', 'M.S. Raaja Rajeshwaran']"
The Green Mile,1999,189,8.6,61,"1,336,070",$136.80M,"A tale set on death row in a Southern jail, where gentle giant John possesses the mysterious power to heal people's ailments. When the lead guard, Paul, recognizes John's gift, he tries to help stave off the condemned man's execution.",Frank Darabont,"['Tom Hanks', 'Michael Clarke Duncan', 'David Morse', 'Bonnie Hunt', 'James Cromwell', 'Michael Jeter', 'Graham Greene', 'Doug Hutchison', 'Sam Rockwell', 'Barry Pepper', 'Jeffrey DeMunn', 'Patricia Clarkson', 'Harry Dean Stanton', 'Dabbs Greer', 'Eve Brent', 'William Sadler', 'Mack Miles', 'Rai Tasco']"
Saving Private Ryan,1998,169,8.6,91,"1,424,309",$216.54M,"Following the Normandy Landings, a group of U.S. soldiers go behind enemy lines to retrieve a paratrooper whose brothers have been killed in action.",Steven Spielberg,"['Tom Hanks', 'Matt Damon', 'Tom Sizemore', 'Edward Burns', 'Barry Pepper', 'Adam Goldberg', 'Vin Diesel', 'Giovanni Ribisi', 'Jeremy Davies', 'Ted Danson', 'Paul Giamatti', 'Dennis Farina', 'Joerg Stadler', 'Max Martini', 'Dylan Bruno', 'Daniel Cerqueira', 'Demetri Goritsas', 'Ian Porter']"
Se7en,1995,127,8.6,65,"1,698,980",$100.13M,"Two detectives, a rookie and a veteran, hunt a serial killer who uses the seven deadly sins as his motives.",David Fincher,"['Morgan Freeman', 'Brad Pitt', 'Kevin Spacey', 'Andrew Kevin Walker', 'Daniel Zacapa', 'Gwyneth Paltrow', 'John Cassini', 'Bob Mack', 'Peter Crombie', 'Reg E. Cathey', 'R. Lee Ermey', 'George Christy', 'Endre Hules', 'Hawthorne James', 'William Davidson', 'Bob Collins', 'Jimmy Dale Hartsell', 'Richard Roundtree']"
The Silence of the Lambs,1991,118,8.6,86,"1,468,526",$130.74M,"A young F.B.I. cadet must receive the help of an incarcerated and manipulative cannibal killer to help catch another serial killer, a madman who skins his victims.",Jonathan Demme,"['Jodie Foster', 'Anthony Hopkins', 'Lawrence A. Bonney', 'Kasi Lemmons', 'Lawrence T. Wrentz', 'Scott Glenn', 'Anthony Heald', 'Frankie Faison', 'Don Brockett', 'Frank Seals Jr.', 'Stuart Rudin', 'Maria Skorobogatov', 'Jeffrie Lane', 'Leib Lensky', ""George 'Red' Schwartz"", 'Jim Roche', 'Brooke Smith', 'Ted Levine']"
Star Wars,1977,121,8.6,90,"1,394,442",$322.74M,"Luke Skywalker joins forces with a Jedi Knight, a cocky pilot, a Wookiee and two droids to save the galaxy from the Empire's world-destroying battle station, while also attempting to rescue Princess Leia from the mysterious Darth Vader.",George Lucas,"['Mark Hamill', 'Harrison Ford', 'Carrie Fisher', 'Alec Guinness', 'Peter Cushing', 'Anthony Daniels', 'Kenny Baker', 'Peter Mayhew', 'David Prowse', 'Phil Brown', 'Shelagh Fraser', 'Jack Purvis', 'Alex McCrindle', 'Eddie Byrne', 'Drewe Henley', 'Denis Lawson', 'Garrick Hagon', 'Jack Klaff']"
Terminator 2: Judgment Day,1991,137,8.6,75,"1,123,784",$204.84M,"A cyborg, identical to the one who failed to kill Sarah Connor, must now protect her 10-year old son John from an even more advanced and powerful cyborg.",James Cameron,"['Arnold Schwarzenegger', 'Linda Hamilton', 'Edward Furlong', 'Robert Patrick', 'Earl Boen', 'Joe Morton', 'S. Epatha Merkerson', 'Castulo Guerra', 'Danny Cooksey', 'Jenette Goldstein', 'Xander Berkeley', 'Leslie Hamilton Gearren', 'Ken Gibbel', 'Robert Winley', 'Pete Schrum', 'Shane Wilder', 'Michael Edwards', 'Jared Lounsbery']"
Sen to Chihiro no kamikakushi,2001,125,8.6,96,"790,586",$10.06M,"During her family's move to the suburbs, a sullen 10-year-old girl wanders into a world ruled by gods, witches and spirits, a world where humans are changed into beasts.",Hayao Miyazaki,"['Daveigh Chase', 'Suzanne Pleshette', 'Miyu Irino', 'Rumi Hiiragi', 'Mari Natsuki', 'Takashi Naitì', 'Yasuko Sawaguchi', 'Tatsuya Gashñin', 'Ryunosuke Kamiki', 'Yumi Tamai', 'Yì ‚izumi', 'Koba Hayashi', 'Tsunehiko Kamijì', 'Takehiko Ono', 'Bunta Sugawara', 'Shigeru Wakita', 'Shirì Saitì', 'Michiko Yamamoto']"
Cidade de Deus,2002,130,8.6,79,"771,314",$7.56M,"In the slums of Rio, two kids' paths diverge as one struggles to become a photographer and the other a kingpin.","Directors:Fernando Meirelles, K†tia Lund","['Alexandre Rodrigues', 'Leandro Firmino', 'Matheus Nachtergaele', 'Phellipe Haagensen', 'Douglas Silva', 'Jonathan Haagensen', 'Seu Jorge', 'Jefechander Suplino', 'Alice Braga', 'Emerson Gomes', 'Edson Oliveira', 'Michel Gomes', 'Roberta Rodrigues', 'Luis Ot†vio', 'Kiko Marques', 'Gustavo Engr†cia', 'Darlan Cunha', 'Robson Rocha']"
La vita ä bella,1997,116,8.6,59,"711,540",$57.60M,"When an open-minded Jewish waiter and his son become victims of the Holocaust, he uses a perfect mixture of will, humor and imagination to protect his son from the dangers around their camp.",Roberto Benigni,"['Roberto Benigni', 'Nicoletta Braschi', 'Giorgio Cantarini', 'Giustino Durano', 'Sergio Bini Bustric', 'Marisa Paredes', 'Horst Buchholz', 'Lidia Alfonsi', 'Giuliana Lojodice', 'Amerigo Fontani', 'Pietro De Silva', 'Francesco Guzzo', 'Raffaella Lebboroni', 'Claudio Alfonsi', 'Gil Baroni', 'Massimo Bianchi', 'JÅrgen Bohn', 'Verena Buratti']"
Shichinin no samurai,1954,207,8.6,98,"353,004",$0.27M,"Farmers from a village exploited by bandits hire a veteran samurai for protection, who gathers six other samurai to join him.",Akira Kurosawa,"['Toshirì Mifune', 'Takashi Shimura', 'Keiko Tsushima', 'Yukiko Shimazaki', 'Kamatari Fujiwara', 'Daisuke Katì', 'Isao Kimura', 'Minoru Chiaki', 'Seiji Miyaguchi', 'Yoshio Kosugi', 'Bokuzen Hidari', 'Yoshio Inaba', 'Yoshio Tsuchiya', 'Kokuten Kìdì', 'Eijirì Tìno', 'Kichijirì Ueda', 'Jun Tatara', 'Atsushi Watanabe']"
It's a Wonderful Life,1946,130,8.6,89,"472,368",#21,An angel is sent from Heaven to help a desperately frustrated businessman by showing him what life would have been like if he had never existed.,Frank Capra,"['James Stewart', 'Donna Reed', 'Lionel Barrymore', 'Thomas Mitchell', 'Henry Travers', 'Beulah Bondi', 'Frank Faylen', 'Ward Bond', 'Gloria Grahame', 'H.B. Warner', 'Frank Albertson', 'Todd Karns', 'Samuel S. Hinds', 'Mary Treen', 'Virginia Patton', 'Charles Williams', 'Sarah Edwards', 'William Edmunds']"
Seppuku,1962,133,8.6,85,"61,062",#46,"When a ronin requesting seppuku at a feudal lord's palace is told of the brutal suicide of another ronin who previously visited, he reveals how their pasts are intertwined - and in doing so challenges the clan's integrity.",Masaki Kobayashi,"['Tatsuya Nakadai', 'Akira Ishihama', 'Shima Iwashita', 'Tetsurì Tanba', 'Masao Mishima', 'Ichirì Nakatani', 'Kei Satì', 'Yoshio Inaba', 'Hisashi Igawa', 'Tìru Takeuchi', 'Yoshirì Aoki', 'Tatsuo Matsumura', 'Akiji Kobayashi', 'Kìichi Hayashi', 'Ryñtarì Gomi', 'Jì Azumi', 'Nakajirì Tomita', 'Shichisaburì Amatsu']"
Sita Ramam,2022,163,8.6,^^^^^^,"60,068",*****,"An orphan soldier, Lieutenant Ram's life changes, after he gets a letter from a girl named Sita. He meets her and love blossoms between them. When he comes back to his camp in Kashmir,After he gets caught in jail, he sends a letter to Sita which won't reach her.",Hanu Raghavapudi,"['Dulquer Salmaan', 'Mrunal Thakur', 'Rashmika Mandanna', 'Sumanth', 'Bhoomika Chawla', 'Tharun Bhascker Dhaassyam', 'Sachin Khedekar', 'Jisshu Sengupta', 'Abhinaya', 'Shatru', 'Gautham Vasudev Menon', 'Vennela Kishore', 'Murli Sharma', 'Pawan Chopra', 'Prakash Raj', 'Tinnu Anand', 'Neeraj Kabi', 'Rukmini Vijay Kumar']"
Gisaengchung,2019,132,8.5,96,"856,022",$53.37M,Greed and class discrimination threaten the newly formed symbiotic relationship between the wealthy Park family and the destitute Kim clan.,Bong Joon Ho,"['Song Kang-ho', 'Lee Sun-kyun', 'Cho Yeo-jeong', 'Choi Woo-sik', 'Park So-dam', 'Lee Jeong-eun', 'Jang Hye-jin', 'Park Myeong-hoon', 'Jung Ji-so', 'Jung Hyun-jun', 'Park Keun-rok', 'Jung Yi-seo', 'Jo Jae-myeong', 'Jung Ik-han', 'Kim Kyu-baek', 'Hwang In-kyung', 'Ahn Seong-bong', 'Kim Jin-hyung']"
The Departed,2006,151,8.5,85,"1,357,167",$132.38M,An undercover cop and a mole in the police attempt to identify each other while infiltrating an Irish gang in South Boston.,Martin Scorsese,"['Leonardo DiCaprio', 'Matt Damon', 'Jack Nicholson', 'Mark Wahlberg', 'Martin Sheen', 'Ray Winstone', 'Vera Farmiga', 'Anthony Anderson', 'Alec Baldwin', 'Kevin Corrigan', 'James Badge Dale', ""David O'Hara"", 'Mark Rolston', 'Robert Wahlberg', 'Kristen Dalton', 'Thomas B. Duffy', 'Richard Hughes', 'J.C. MacKenzie']"
Whiplash,2014,106,8.5,89,"905,612",$13.09M,A promising young drummer enrolls at a cut-throat music conservatory where his dreams of greatness are mentored by an instructor who will stop at nothing to realize a student's potential.,Damien Chazelle,"['Miles Teller', 'J.K. Simmons', 'Melissa Benoist', 'Paul Reiser', 'Austin Stowell', 'Nate Lang', 'Chris Mulkey', 'Damon Gupton', 'Suanne Spoke', 'Max Kasch', 'Charlie Ian', 'Jayson Blair', 'Kofi Siriboe', 'Kavita Patil', 'C.J. Vana', 'Tarik Lowe', 'Tyler Kimball', 'Rogelio Douglas Jr.']"
Back to the Future,1985,116,8.5,87,"1,239,719",$210.61M,"Marty McFly, a 17-year-old high school student, is accidentally sent 30 years into the past in a time-traveling DeLorean invented by his close friend, the maverick scientist Doc Brown.",Robert Zemeckis,"['Michael J. Fox', 'Christopher Lloyd', 'Lea Thompson', 'Crispin Glover', 'Tom Wilson', 'Claudia Wells', 'Marc McClure', 'Wendie Jo Sperber', 'George DiCenzo', 'Frances Lee McCain', 'James Tolkan', 'J.J. Cohen', 'Casey Siemaszko', 'Billy Zane', 'Harry Waters Jr.', 'Donald Fullilove', 'Lisa Freeman', 'Cristen Kauffman']"
Alien,1979,117,8.5,89,"903,900",$78.90M,The crew of a commercial spacecraft encounter a deadly lifeform after investigating an unknown transmission.,Ridley Scott,"['Sigourney Weaver', 'Tom Skerritt', 'John Hurt', 'Veronica Cartwright', 'Harry Dean Stanton', 'Ian Holm', 'Yaphet Kotto', 'Bolaji Badejo', 'Helen Horton', 'Eddie Powell']"
LÇon,1994,110,8.5,64,"1,190,176",$19.50M,"12-year-old Mathilda is reluctantly taken in by LÇon, a professional assassin, after her family is murdered. An unusual relationship forms as she becomes his protÇgÇe and learns the assassin's trade.",Luc Besson,"['Jean Reno', 'Gary Oldman', 'Natalie Portman', 'Danny Aiello', 'Peter Appel', 'Willi One Blood', 'Don Creech', 'Keith A. Glascoe', 'Randolph Scott', 'Michael Badalucco', 'Ellen Greene', 'Elizabeth Regen', 'Carl J. Matusovich', 'Frank Senger', 'Lucius Wyatt Cherokee', 'Eric Challier', 'Luc Bernard', 'Maãwenn']"
Gladiator,2000,155,8.5,67,"1,537,126",$187.71M,A former Roman General sets out to exact vengeance against the corrupt emperor who murdered his family and sent him into slavery.,Ridley Scott,"['Russell Crowe', 'Joaquin Phoenix', 'Connie Nielsen', 'Oliver Reed', 'Richard Harris', 'Derek Jacobi', 'Djimon Hounsou', 'David Schofield', 'John Shrapnel', 'Tomas Arana', 'Ralf Moeller', 'Spencer Treat Clark', 'David Hemmings', 'Tommy Flanagan', 'Sven-Ole Thorsen', 'Omid Djalili', 'Nicholas McGaughey', 'Chris Kell']"
The Prestige,2006,130,8.5,66,"1,365,402",$53.09M,"After a tragic accident, two stage magicians in 1890s London engage in a battle to create the ultimate illusion while sacrificing everything they have to outwit each other.",Christopher Nolan,"['Christian Bale', 'Hugh Jackman', 'Scarlett Johansson', 'Michael Caine', 'Piper Perabo', 'Rebecca Hall', 'Samantha Mahurin', 'David Bowie', 'Andy Serkis', 'Daniel Davis', 'Jim Piddock', 'Christopher Neame', 'Mark Ryan', 'Roger Rees', 'Jamie Harris', 'Monty Stuart', 'Ron Perkins', 'Ricky Jay']"
Casablanca,1942,102,8.5,100,"583,839",$1.02M,A cynical expatriate American cafe owner struggles to decide whether or not to help his former lover and her fugitive husband escape the Nazis in French Morocco.,Michael Curtiz,"['Humphrey Bogart', 'Ingrid Bergman', 'Paul Henreid', 'Claude Rains', 'Conrad Veidt', 'Sydney Greenstreet', 'Peter Lorre', 'S.Z. Sakall', 'Madeleine Lebeau', 'Dooley Wilson', 'Joy Page', 'John Qualen', 'Leonid Kinskey', 'Curt Bois', 'Abdullah Abbas', 'Enrique Acosta', 'Ed Agresti', 'Arnet Amos']"
The Lion King,1994,88,8.5,88,"1,086,166",$422.78M,"Lion prince Simba and his father are targeted by his bitter uncle, who wants to ascend the throne himself.","Directors:Roger Allers, Rob Minkoff","['Matthew Broderick', 'Jeremy Irons', 'James Earl Jones', 'Whoopi Goldberg', 'Rowan Atkinson', 'Niketa Calame-Harris', 'Jim Cummings', 'Robert Guillaume', 'Moira Kelly', 'Nathan Lane', 'Zoe Leader', 'Cheech Marin', 'Ernie Sabella', 'Madge Sinclair', 'Jonathan Taylor Thomas', 'Frank Welker', 'Cathy Cavadini', 'Judi M. Durand']"
American History X,1998,119,8.5,62,"1,143,878",$6.72M,"Living a life marked by violence, neo-Nazi Derek finally goes to prison after killing two black youths. Upon his release, Derek vows to change; he hopes to prevent his brother, Danny, who idolizes Derek, from following in his footsteps.",Tony Kaye,"['Edward Norton', 'Edward Furlong', ""Beverly D'Angelo"", 'Jennifer Lien', 'Ethan Suplee', 'Fairuza Balk', 'Avery Brooks', 'Elliott Gould', 'Stacy Keach', 'William Russ', 'Guy Torry', 'Joe Cortese', 'Jason Bose Smith', 'Antonio David Lyons', 'Alex Sol', 'Keram Malicki-S†nchez', 'Giuseppe Andrews', 'Michelle Christine White']"
The Pianist,2002,150,8.5,85,"856,805",$32.57M,A Polish Jewish musician struggles to survive the destruction of the Warsaw ghetto of World War II.,Roman Polanski,"['Adrien Brody', 'Thomas Kretschmann', 'Frank Finlay', 'Emilia Fox', 'Michal Zebrowski', 'Ed Stoppard', 'Maureen Lipman', 'Jessica Kate Meyer', 'Julia Rayner', 'Wanja Mues', 'Richard Ridings', 'Nomi Sharron', 'Anthony Milner', 'Lucy Skeaping', 'Roddy Skeaping', 'Ben Harlan', 'Thomas Lawinky', 'Joachim Paul Assbîck']"
The Usual Suspects,1995,106,8.5,77,"1,104,956",$23.34M,The sole survivor of a pier shoot-out tells the story of how a notorious criminal influenced the events that began with five criminals meeting in a seemingly random police lineup.,Bryan Singer,"['Kevin Spacey', 'Gabriel Byrne', 'Chazz Palminteri', 'Stephen Baldwin', 'Benicio Del Toro', 'Kevin Pollak', 'Pete Postlethwaite', 'Suzy Amis', 'Giancarlo Esposito', 'Dan Hedaya', 'Paul Bartel', 'Carl Bressler', 'Phillipe Simon', 'Jack Shearer', 'Christine Estabrook', 'Clark Gregg', 'Morgan Hunter', 'Ken Daly']"
Psycho,1960,109,8.5,97,"688,141",$32.00M,"A Phoenix secretary embezzles $40,000 from her employer's client, goes on the run and checks into a remote motel run by a young man under the domination of his mother.",Alfred Hitchcock,"['Anthony Perkins', 'Janet Leigh', 'Vera Miles', 'John Gavin', 'Martin Balsam', 'John McIntire', 'Simon Oakland', 'Frank Albertson', 'Patricia Hitchcock', 'Vaughn Taylor', 'Lurene Tuttle', 'John Anderson', 'Mort Mills', 'Fletcher Allen', 'Walter Bacon', 'Prudence Beers', 'Kit Carson', 'Francis De Sales']"
The Intouchables,2011,112,8.5,57,"882,159",$13.18M,"After he becomes a quadriplegic from a paragliding accident, an aristocrat hires a young man from the projects to be his caregiver.","Directors:Olivier Nakache, êric Toledano","['Franáois Cluzet', 'Omar Sy', 'Anne Le Ny', 'Audrey Fleurot', 'JosÇphine de Meaux', 'Clotilde Mollet', 'Alba Gaãa Bellugi', 'Cyril Mendy', 'Salimata Kamate', 'Absa Diatou Toure', 'GrÇgoire Oestermann', 'Dominique Daguier', 'Franáois Caron', 'Christian Ameri', 'Thomas SolivÇräs', 'DorothÇe Briäre', 'Marie-Laure Descoureaux', 'êmilie Caen']"
Once Upon a Time in the West,1968,165,8.5,82,"337,335",$5.32M,A mysterious stranger with a harmonica joins forces with a notorious desperado to protect a beautiful widow from a ruthless assassin working for the railroad.,Sergio Leone,"['Henry Fonda', 'Charles Bronson', 'Claudia Cardinale', 'Jason Robards', 'Gabriele Ferzetti', 'Paolo Stoppa', 'Woody Strode', 'Jack Elam', 'Keenan Wynn', 'Frank Wolff', 'Lionel Stander', 'Livio Andronico', 'Salvatore Basile', 'Aldo Berti', 'Joseph Bradley', 'Frank Bra§a', 'Mariló Carteny', 'Saturno Cerra']"
Hotaru no haka,1988,89,8.5,94,"287,633",#45,A young boy and his little sister struggle to survive in Japan during World War II.,Isao Takahata,"['Tsutomu Tatsumi', 'Ayano Shiraishi', 'Akemi Yamaguchi', 'Yoshiko Shinohara', 'Kìzì Hashida', 'Masayo Sakai', 'Kazumi Nozaki', 'Yoshio Matsuoka', 'Masahiro Kanetake', 'Kiyoshi Yanagawa', 'Hajime Maki', 'Atsuo Omote', 'Teruhisa Harita', 'Hiroshi Tanaka', 'Michio Denpì', 'Shirì Tamaki', 'Tadashi Nakamura', 'Mika Sekita']"
Rear Window,1954,112,8.5,100,"502,166",$36.76M,"A photographer in a wheelchair spies on his neighbors from his Greenwich Village courtyard apartment window, and becomes convinced one of them has committed murder, despite the skepticism of his fashion-model girlfriend.",Alfred Hitchcock,"['James Stewart', 'Grace Kelly', 'Wendell Corey', 'Thelma Ritter', 'Raymond Burr', 'Judith Evelyn', 'Ross Bagdasarian', 'Georgine Darcy', 'Sara Berner', 'Frank Cady', 'Jesslyn Fax', 'Rand Harper', 'Irene Winston', 'Havis Davenport', 'Jerry Antes', 'Barbara Bailey', 'Benny Bartlett', 'Nick Borgani']"
Nuovo Cinema Paradiso,1988,155,8.5,80,"268,660",$11.99M,A filmmaker recalls his childhood when falling in love with the pictures at the cinema of his home village and forms a deep friendship with the cinema's projectionist.,Giuseppe Tornatore,"['Philippe Noiret', 'Enzo Cannavale', 'Antonella Attili', 'Isa Danieli', 'Leo Gullotta', 'Marco Leonardi', 'Pupella Maggio', 'Agnese Nano', 'Leopoldo Trieste', 'Salvatore Cascio', 'Tano Cimarosa', 'Nicola Di Pinto', 'Roberta Lena', 'Nino Terzo', 'Jacques Perrin', 'Nellina LaganÖ', 'Turi Giuffrida', 'Mariella Lo Giudice']"
Modern Times,1936,87,8.5,96,"248,480",$0.16M,The Tramp struggles to live in modern industrial society with the help of a young homeless woman.,Charles Chaplin,"['Charles Chaplin', 'Paulette Goddard', 'Henry Bergman', 'Tiny Sandford', 'Chester Conklin', 'Hank Mann', 'Stanley Blystone', 'Al Ernest Garcia', 'Richard Alexander', 'Cecil Reynolds', 'Mira McKinney', 'Murdock MacQuarrie', 'Wilfred Lucas', 'Edward LeSaint', 'Fred Malatesta', 'Sammy Stein', 'Juana Sutton', 'Ted Oliver']"
City Lights,1931,87,8.5,99,"188,650",$0.02M,"With the aid of a wealthy erratic tippler, a dewy-eyed tramp who has fallen in love with a sightless flower girl accumulates money to be able to help her medically.",Charles Chaplin,"['Charles Chaplin', 'Virginia Cherrill', 'Florence Lee', 'Harry Myers', 'Al Ernest Garcia', 'Hank Mann', 'Johnny Aber', 'Jack Alexander', 'T.S. Alexander', 'Victor Alexander', 'Albert Austin', 'Harry Ayers', 'Eddie Baker', 'Henry Bergman', 'Edward Biby', 'Betty Blair', 'Buster Brodie', 'Jeanne Carpenter']"
96,II 2018,158,8.5,^^^^^^,"33,179",*****,Two high school sweethearts meet at a reunion after 22 years and reminisce about their past.,C. Prem Kumar,"['Vijay Sethupathi', 'Adithya Bhaskar', 'Trisha Krishnan', 'Gouri Kishan', 'Devadarshini Chetan', 'Niyathi Kadambi', 'Janakaraj', 'Bagavathi Perumal', 'Surya', 'Rajkumar', 'Murugadass', 'Gowthamraj', 'Varsha Bollamma', 'Kavithalaya Krishnan', 'Shyam Prasad']"
Spider-Man: Into the Spider-Verse,2018,117,8.4,87,"572,552",$190.24M,Teen Miles Morales becomes the Spider-Man of his universe and must join with five spider-powered individuals from other dimensions to stop a threat for all realities.,"Directors:Bob Persichetti, Peter Ramsey, Rodney Rothman","['Shameik Moore', 'Jake Johnson', 'Hailee Steinfeld', 'Mahershala Ali', 'Brian Tyree Henry', 'Lily Tomlin', 'Luna Lauren Velez', 'Zoâ Kravitz', 'John Mulaney', 'Kimiko Glenn', 'Nicolas Cage', 'Kathryn Hahn', 'Liev Schreiber', 'Chris Pine', 'Natalie Morales', 'Edwin R. Habacon', 'Oscar Isaac', 'Greta Lee']"
Raiders of the Lost Ark,1981,115,8.4,85,"987,403",$248.16M,"In 1936, archaeologist and adventurer Indiana Jones is hired by the U.S. government to find the Ark of the Covenant before the Nazis can obtain its awesome powers.",Steven Spielberg,"['Harrison Ford', 'Karen Allen', 'Paul Freeman', 'John Rhys-Davies', 'Ronald Lacey', 'Denholm Elliott', 'Alfred Molina', 'Wolf Kahler', 'Anthony Higgins', 'Vic Tablian', 'Don Fellows', 'William Hootkins', 'Bill Reimbold', 'Fred Sorenson', 'Patrick Durkin', 'Matthew Scurfield', 'Malcolm Weaver', 'Sonny Caldinez']"
Avengers: Endgame,2019,181,8.4,78,"1,181,497",$858.37M,"After the devastating events of Avengers: Infinity War (2018), the universe is in ruins. With the help of remaining allies, the Avengers assemble once more in order to reverse Thanos' actions and restore balance to the universe.","Directors:Anthony Russo, Joe Russo","['Robert Downey Jr.', 'Chris Evans', 'Mark Ruffalo', 'Chris Hemsworth', 'Scarlett Johansson', 'Jeremy Renner', 'Don Cheadle', 'Paul Rudd', 'Benedict Cumberbatch', 'Chadwick Boseman', 'Brie Larson', 'Tom Holland', 'Karen Gillan', 'Zoe Saldana', 'Evangeline Lilly', 'Tessa Thompson', 'Rene Russo', 'Elizabeth Olsen']"
Apocalypse Now,1979,147,8.4,94,"682,555",$83.47M,A U.S. Army officer serving in Vietnam is tasked with assassinating a renegade Special Forces Colonel who sees himself as a god.,Francis Ford Coppola,"['Martin Sheen', 'Marlon Brando', 'Robert Duvall', 'Frederic Forrest', 'Sam Bottoms', 'Laurence Fishburne', 'Albert Hall', 'Harrison Ford', 'Dennis Hopper', 'G.D. Spradlin', 'Jerry Ziesmer', 'Scott Glenn', 'Bo Byers', 'James Keane', 'Kerry Rossall', 'Ron McQueen', 'Tom Mason', 'Cynthia Wood']"
Django Unchained,2012,165,8.4,81,"1,600,590",$162.81M,"With the help of a German bounty-hunter, a freed slave sets out to rescue his wife from a brutal plantation owner in Mississippi.",Quentin Tarantino,"['Jamie Foxx', 'Christoph Waltz', 'Leonardo DiCaprio', 'Kerry Washington', 'Samuel L. Jackson', 'Walton Goggins', 'Dennis Christopher', 'James Remar', 'David Steen', 'Dana Gourrier', 'Nichole Galicia', 'Laura Cayouette', 'Ato Essandoh', 'Sammi Rotibi', 'Clay Donahue Fontenot', 'Escalante Lundy', 'Miriam F. Glover', 'Don Johnson']"
Joker,I 2019,122,8.4,59,"1,355,999",$335.45M,"The rise of Arthur Fleck, from aspiring stand-up comedian and pariah to Gotham's clown prince and leader of the revolution.",Todd Phillips,"['Joaquin Phoenix', 'Robert De Niro', 'Zazie Beetz', 'Frances Conroy', 'Brett Cullen', 'Shea Whigham', 'Bill Camp', 'Glenn Fleshler', 'Leigh Gill', 'Josh Pais', 'Rocco Luna', 'Marc Maron', 'Sondra James', 'Murphy Guyer', 'Douglas Hodge', 'Dante Pereira-Olson', 'Carrie Louise Putrello', 'Sharon Washington']"
Avengers: Infinity War,2018,149,8.4,68,"1,124,806",$678.82M,The Avengers and their allies must be willing to sacrifice all in an attempt to defeat the powerful Thanos before his blitz of devastation and ruin puts an end to the universe.,"Directors:Anthony Russo, Joe Russo","['Robert Downey Jr.', 'Chris Hemsworth', 'Mark Ruffalo', 'Chris Evans', 'Scarlett Johansson', 'Don Cheadle', 'Benedict Cumberbatch', 'Tom Holland', 'Chadwick Boseman', 'Zoe Saldana', 'Karen Gillan', 'Tom Hiddleston', 'Paul Bettany', 'Elizabeth Olsen', 'Anthony Mackie', 'Sebastian Stan', 'Idris Elba', 'Danai Gurira']"
Oldeuboi,2003,120,8.4,77,"596,839",$0.71M,"After being kidnapped and imprisoned for fifteen years, Oh Dae-Su is released, only to find that he must find his captor in five days.",Park Chan-wook,"['Choi Min-sik', 'Yoo Ji-tae', 'Kang Hye-jeong', 'Kim Byeong-Ok', 'Dae-han Ji', 'Dal-su Oh', 'Seung-shin Lee', 'Jin-Seo Yoon', 'Tae-kyung Oh', 'Yoo Yeon-Seok', 'Il-han Oo', 'Young-hee Lee', 'Young-ae Kim', 'Mi Mi Lee', 'Jae-Duk Han', 'Jung Ae Kwak', 'San Kim', 'Chae-soo Jang']"
The Shining,1980,146,8.4,66,"1,049,906",$44.02M,"A family heads to an isolated hotel for the winter where a sinister presence influences the father into violence, while his psychic son sees horrific forebodings from both past and future.",Stanley Kubrick,"['Jack Nicholson', 'Shelley Duvall', 'Danny Lloyd', 'Scatman Crothers', 'Barry Nelson', 'Philip Stone', 'Joe Turkel', 'Anne Jackson', 'Tony Burton', 'Lia Beldam', 'Billie Gibson', 'Barry Dennen', 'David Baxt', 'Manning Redwood', 'Lisa Burns', 'Louise Burns', 'Robin Pappas', 'Alison Coleridge']"
Memento,2000,113,8.4,81,"1,264,291",$25.54M,A man with short-term memory loss attempts to track down his wife's murderer.,Christopher Nolan,"['Guy Pearce', 'Carrie-Anne Moss', 'Joe Pantoliano', 'Mark Boone Junior', 'Russ Fega', 'Jorja Fox', 'Stephen Tobolowsky', 'Harriet Sansom Harris', 'Thomas Lennon', 'Callum Keith Rennie', 'Kimberly Campbell', 'Marianne Muellerleile', 'Larry Holden', 'Stephanie Searson', 'Buzz Visconti']"
The Dark Knight Rises,2012,164,8.4,78,"1,742,729",$448.14M,"Eight years after the Joker's reign of chaos, Batman is coerced out of exile with the assistance of the mysterious Selina Kyle in order to defend Gotham City from the vicious guerrilla terrorist Bane.",Christopher Nolan,"['Christian Bale', 'Tom Hardy', 'Anne Hathaway', 'Gary Oldman', 'Joseph Gordon-Levitt', 'Marion Cotillard', 'Morgan Freeman', 'Michael Caine', 'Matthew Modine', 'Alon Aboutboul', 'Ben Mendelsohn', 'Burn Gorman', 'Daniel Sunjata', 'Aidan Gillen', 'Sam Kennard', 'Aliash Tepina', 'Nestor Carbonell', 'Brett Cullen']"
Aliens,1986,137,8.4,84,"732,916",$85.16M,"Decades after surviving the Nostromo incident, Ellen Ripley is sent out to re-establish contact with a terraforming colony but finds herself battling the Alien Queen and her offspring.",James Cameron,"['Sigourney Weaver', 'Michael Biehn', 'Carrie Henn', 'Paul Reiser', 'Lance Henriksen', 'Bill Paxton', 'William Hope', 'Jenette Goldstein', 'Al Matthews', 'Mark Rolston', 'Ricco Ross', 'Colette Hiller', 'Daniel Kash', 'Cynthia Dale Scott', 'Tip Tipping', 'Trevor Steedman', 'Paul Maxwell', 'Valerie Colgan']"
Idi i smotri,1985,142,8.4,^^^^^^,"86,077",#93,"After finding an old rifle, a young boy joins the Soviet resistance movement against ruthless German forces and experiences the horrors of World War II.",Elem Klimov,"['Aleksey Kravchenko', 'Olga Mironova', 'Liubomiras Laucevicius', 'Vladas Bagdonas', 'JÅri Lumiste', 'Viktors Lorencs', 'Kazimir Rabetsky', 'Evgeniy Tilicheev', 'G. Velts', 'V. Vasilyev', 'Aleksandr Berda', 'Vasiliy Domrachyov', 'Nina Evdokimova', 'Igor Gnevashev', 'Adolf Hitler', 'Valery Kravchenko', 'Evgeniy Kryzhanovskiy', 'N. Lisichenok']"
Kimi no na wa.,2016,106,8.4,79,"287,347",$5.02M,"Two teenagers share a profound, magical connection upon discovering they are swapping bodies. Things manage to become even more complicated when the boy and girl decide to meet in person.",Makoto Shinkai,"['Ryunosuke Kamiki', 'Mone Kamishiraishi', 'Ryo Narita', 'Aoi Yñki', 'Nobunaga Shimazaki', 'Kaito Ishikawa', 'Kanon Tani', 'Masaki Terasoma', 'Sayaka ‚hara', 'Kazuhiko Inoue', 'Chafñrin', 'Kana Hanazawa', 'Yuka Terasaki', 'Takashi Onozuka', 'Yìhei Namekawa', 'Miyu Tsuji', ""Shin'ya Hamazoe"", 'Kanami Satì']"
Coco,I 2017,105,8.4,81,"535,075",$209.73M,"Aspiring musician Miguel, confronted with his family's ancestral ban on music, enters the Land of the Dead to find his great-great-grandfather, a legendary singer.","Directors:Lee Unkrich, Adrian Molina","['Anthony Gonzalez', 'Gael Garc°a Bernal', 'Benjamin Bratt', 'Alanna Ubach', 'Renee Victor', 'Jaime Camil', 'Alfonso Arau', 'Herbert Siguenza', 'Gabriel Iglesias', 'Lombardo Boyar', 'Ana Ofelia Murgu°a', 'Natalia Cordova-Buckley', 'Selene Luna', 'Edward James Olmos', 'Sof°a Espinosa', 'Carla Medina', 'Dyana Ortelli', 'Luis Valdez']"
WALL˙E,2008,98,8.4,95,"1,143,709",$223.81M,"In the distant future, a small waste-collecting robot inadvertently embarks on a space journey that will ultimately decide the fate of mankind.",Andrew Stanton,"['Ben Burtt', 'Elissa Knight', 'Jeff Garlin', 'Fred Willard', 'MacInTalk', 'John Ratzenberger', 'Kathy Najimy', 'Sigourney Weaver', 'Karleen Griffin', 'Kim Kopf', 'Niki McElroy', 'Garrett Palmer', 'Jessica Skelton', 'Kai Steel Smith', 'Michael Toy']"
Amadeus,1984,160,8.4,88,"409,927",$51.97M,"The life, success and troubles of Wolfgang Amadeus Mozart, as told by Antonio Salieri, the contemporaneous composer who was deeply jealous of Mozart's talent and claimed to have murdered him.",Milos Forman,"['F. Murray Abraham', 'Tom Hulce', 'Elizabeth Berridge', 'Roy Dotrice', 'Simon Callow', 'Christine Ebersole', 'Jeffrey Jones', 'Charles Kay', 'Kenneth McMillan', 'Kenny Baker', 'Lisbeth Bartlett', 'Barbara Bryne', 'Martin Cavina', 'Roderick Cook', 'Milan Demjanenko', 'Peter DiGesu', 'Richard Frank', 'Patrick Hines']"
Dr. Strangelove or: How I Learned to Stop Worrying and Love the Bomb,1964,95,8.4,97,"500,652",$0.28M,"An insane American general orders a bombing attack on the Soviet Union, triggering a path to nuclear holocaust that a war room full of politicians and generals frantically tries to stop.",Stanley Kubrick,"['Peter Sellers', 'George C. Scott', 'Sterling Hayden', 'Keenan Wynn', 'Slim Pickens', 'Peter Bull', 'James Earl Jones', 'Tracy Reed', 'Jack Creley', 'Frank Berry', ""Robert O'Neil"", 'Glenn Beck', 'Roy Stephens', 'Shane Rimmer', 'Hal Galili', 'Paul Tamarin', 'Laurence Herder', 'Gordon Tanner']"
The Lives of Others,2006,137,8.4,89,"396,823",$11.29M,"In 1984 East Berlin, an agent of the secret police, conducting surveillance on a writer and his lover, finds himself becoming increasingly absorbed by their lives.",Florian Henckel von Donnersmarck,"['Ulrich MÅhe', 'Martina Gedeck', 'Sebastian Koch', 'Ulrich Tukur', 'Thomas Thieme', 'Hans-Uwe Bauer', 'Volkmar Kleinert', 'Matthias Brenner', 'Charly HÅbner', 'Herbert Knaup', 'Bastian Trost', 'Marie Gruber', 'Volker Zack', 'Werner Daehn', 'Martin Brambach', 'Hubertus Hartmann', 'Thomas Arnold', 'Hinnerk Schînemann']"
CapharnaÅm,2018,126,8.4,75,"95,375",$1.66M,"While serving a five-year sentence for a violent crime, a 12-year-old boy sues his parents for neglect.",Nadine Labaki,"['Zain Al Rafeea', 'Yordanos Shiferaw', 'Boluwatife Treasure Bankole', 'Kawsar Al Haddad', 'Fadi Yousef', 'Cedra Izzam', 'Alaa Chouchnieh', 'Elias Khoury', 'Mohammad Al Abdallah', 'Mohamad Abdellatif', 'Abdo Abdo', 'Hampig Abraham', 'Jamil Ahmad', 'Mohamad Akkar', 'Elias Akobegia', 'Riman Al Rafeea', 'Legamett Alamou', 'Majd Nabil Alhalabi']"
Sunset Blvd.,1950,110,8.4,94,"226,991",#60,A screenwriter develops a dangerous relationship with a faded film star determined to make a triumphant return.,Billy Wilder,"['William Holden', 'Gloria Swanson', 'Erich von Stroheim', 'Nancy Olson', 'Fred Clark', 'Lloyd Gough', 'Jack Webb', 'Franklyn Farnum', 'Larry J. Blake', 'Charles Dayton', 'Cecil B. DeMille', 'Hedda Hopper', 'Buster Keaton', 'Anna Q. Nilsson', 'H.B. Warner', 'Ray Evans', 'Jay Livingston', 'Fred Aldrich']"
Das Boot,1981,149,8.4,86,"255,749",$11.49M,A German U-boat stalks the frigid waters of the North Atlantic as its young crew experience the sheer terror and claustrophobic life of a submariner in World War II.,Wolfgang Petersen,"['JÅrgen Prochnow', 'Herbert Grînemeyer', 'Klaus Wennemann', 'Hubertus Bengsch', 'Martin Semmelrogge', 'Bernd Tauber', 'Erwin Leder', 'Martin May', 'Heinz Hoenig', 'Uwe Ochsenknecht', 'Claude-Oliver Rudolph', 'Jan Fedder', 'Ralf Richter', 'Joachim Bernhard', 'Oliver Stritzel', 'Konrad Becker', 'Lutz Schnell', 'Martin Hemme']"
3 Idiots,2009,170,8.4,67,"411,099",$6.53M,"Two friends are searching for their long lost companion. They revisit their college days and recall the memories of their friend who inspired them to think differently, even as the rest of the world called them ""idiots"".",Rajkumar Hirani,"['Aamir Khan', 'Madhavan', 'Mona Singh', 'Sharman Joshi', 'Kareena Kapoor', 'Boman Irani', 'Omi Vaidya', 'Jaaved Jaaferi', 'Parikshit Sahni', 'Olivier Lafont', 'Rahul Kumar', 'Amardeep Jha', 'Farida Dadi', 'Mukund Bhatt', 'Chaitali Bose', 'Jayant Kripalani', 'Arun Bali', 'Shoaib Ahmed']"
Witness for the Prosecution,1957,116,8.4,76,"129,627",$8.18M,A veteran British barrister must defend his client in a murder trial that has surprise after surprise.,Billy Wilder,"['Tyrone Power', 'Marlene Dietrich', 'Charles Laughton', 'Elsa Lanchester', 'John Williams', 'Henry Daniell', 'Ian Wolfe', 'Torin Thatcher', 'Norma Varden', ""Una O'Connor"", 'Francis Compton', 'Philip Tonge', 'Ruta Lee', 'Patrick Aherne', 'Don Ames', 'Walter Bacon', 'Eddie Baker', 'Benjie Bancroft']"
Paths of Glory,1957,88,8.4,90,"202,328",#61,"After refusing to attack an enemy position, a general accuses the soldiers of cowardice and their commanding officer must defend them.",Stanley Kubrick,"['Kirk Douglas', 'Ralph Meeker', 'Adolphe Menjou', 'George Macready', 'Wayne Morris', 'Richard Anderson', 'Joe Turkel', 'Christiane Kubrick', 'Jerry Hausner', 'Peter Capell', 'Emile Meyer', 'Bert Freed', 'Kem Dibbs', 'Timothy Carey', 'Fred Bell', 'John Stein', 'Harold Benedict', 'Leon Briggs']"
The Great Dictator,1940,125,8.4,^^^^^^,"228,862",$0.29M,Dictator Adenoid Hynkel tries to expand his empire while a poor Jewish barber tries to avoid persecution from Hynkel's regime.,Charles Chaplin,"['Charles Chaplin', 'Paulette Goddard', 'Jack Oakie', 'Reginald Gardiner', 'Henry Daniell', 'Billy Gilbert', 'Grace Hayle', 'Carter DeHaven', 'Maurice Moscovitch', 'Emma Dunn', 'Bernard Gorcey', 'Paul Weigel', 'Chester Conklin', 'Esther Michelson', 'Hank Mann', 'Florence Wright', 'Eddie Gribbon', 'Rudolph Anders']"
Kaithi,2019,145,8.4,^^^^^^,"36,161",*****,"Dilli, an ex-convict, endeavours to meet his daughter for the first time after leaving prison. However, his attempts are interrupted due to a drug raid planned by Inspector Bejoy.",Lokesh Kanagaraj,"['Karthi', 'Narain', 'Arjun Das', 'George Maryan', 'Harish Uthaman', 'Hareesh Peradi', 'Ramana', 'Dheena', 'Suryakanth', 'Kanna Ravi', 'Amzath Khan', 'Arun Alexander', 'Lallu', 'Vatsan Chakravarthy', 'Udayaraj', 'Kishore Rajkumar', 'Deepthi', 'Monica']"
Tengoku to jigoku,1963,143,8.4,90,"47,858",#86,An executive of a Yokohama shoe company becomes a victim of extortion when his chauffeur's son is kidnapped by mistake and held for ransom.,Akira Kurosawa,"['Toshirì Mifune', 'Yutaka Sada', 'Tatsuya Nakadai', 'Kyìko Kagawa', 'Tatsuya Mihashi', 'Isao Kimura', 'Kenjirì Ishiyama', 'Takeshi Katì', 'Takashi Shimura', 'Jun Tazaki', 'Nobuo Nakamura', 'Yñnosuke Itì', 'Tsutomu Yamazaki', 'Minoru Chiaki', 'Eijirì Tìno', 'Masao Shimizu', 'Masahiko Shimazu', 'Toshio Egi']"
Sardar Udham,2021,164,8.4,^^^^^^,"44,172",*****,A biopic detailing the 2 decades that Punjabi Sikh revolutionary Udham Singh spent planning the assassination of the man responsible for the Jallianwala Bagh massacre.,Shoojit Sircar,"['Vicky Kaushal', 'Shaun Scott', 'Stephen Hogan', 'Amol Parashar', 'Banita Sandhu', 'Kirsty Averton', 'Andrew Havill', 'Sam Redford', 'Albrecht Zander', 'Tim Berrington', 'Mark Lingwood', 'Simon Weir', 'Tim Hudson', 'Richard Glover', 'Nicholas Gecks', 'Ritesh Shah', 'Jogi Mallang', 'Kuljeet Singh']"
Drishyam 2,2021,152,8.4,^^^^^^,"39,031",*****,A gripping tale of an investigation and a family which is threatened by it. Will Georgekutty be able to protect his family this time?,Jeethu Joseph,"['Mohanlal', 'Meena', 'Ansiba', 'Esther Anil', 'Siddique', 'Asha Sharath', 'Saikumar', 'Murali Gopy', 'Ganesh Kumar', 'Anjali Nair', 'Sumesh Chandran', 'Antony Perumbavoor', 'Dinesh Prabhakar', 'Ajith Koothattukulam', 'Narayanan Nair', 'Santhi Mayadevi', 'Aneesh Menon', 'Boban Samuel']"
Asuran,2019,141,8.4,^^^^^^,"31,218",*****,"The teenage son of a farmer from an underprivileged caste kills a rich, upper caste landlord. Will the farmer, a loving father and a pacifist by heart, be able to save his hot-blooded son is the rest of the story.",Vetrimaaran,"['Dhanush', 'Manju Warrier', 'Prakash Raj', 'Pasupathy', 'Pavan', 'Aadukalam Naren', 'Ken Karunas', 'Ammu Abhirami', 'A. Venkatesh', 'Balaji Sakthivel', 'Subramaniam Siva', 'Nitish', 'Velraj', 'Tejeenthan Arunasalam', 'Bala Hasan', 'Munnar Ramesh', 'Sendrayan', 'Adithadi Shivraaj']"
Top Gun: Maverick,2022,130,8.3,78,"591,695",$718.73M,"After thirty years, Maverick is still pushing the envelope as a top naval aviator, but must confront ghosts of his past when he leads TOP GUN's elite graduates on a mission that demands the ultimate sacrifice from those chosen to fly it.",Joseph Kosinski,"['Tom Cruise', 'Jennifer Connelly', 'Miles Teller', 'Val Kilmer', 'Bashir Salahuddin', 'Jon Hamm', 'Charles Parnell', 'Monica Barbaro', 'Lewis Pullman', 'Jay Ellis', 'Danny Ramirez', 'Glen Powell', 'Jack Schumacher', 'Manny Jacinto', 'Kara Wang', 'Greg Tarzan Davis', 'Jake Picking', 'Raymond Lee']"
Heat,1995,170,8.3,76,"677,080",$67.44M,A group of high-end professional thieves start to feel the heat from the LAPD when they unknowingly leave a clue at their latest heist.,Michael Mann,"['Al Pacino', 'Robert De Niro', 'Val Kilmer', 'Jon Voight', 'Tom Sizemore', 'Diane Venora', 'Amy Brenneman', 'Ashley Judd', 'Mykelti Williamson', 'Wes Studi', 'Ted Levine', 'Dennis Haysbert', 'William Fichtner', 'Natalie Portman', 'Tom Noonan', 'Kevin Gage', 'Hank Azaria', 'Susan Traylor']"
Inglourious Basterds,2009,153,8.3,69,"1,493,046",$120.54M,"In Nazi-occupied France during World War II, a plan to assassinate Nazi leaders by a group of Jewish U.S. soldiers coincides with a theatre owner's vengeful plans for the same.",Quentin Tarantino,"['Brad Pitt', 'Diane Kruger', 'Eli Roth', 'MÇlanie Laurent', 'Christoph Waltz', 'Michael Fassbender', 'Daniel BrÅhl', 'Til Schweiger', 'Gedeon Burkhard', 'Jacky Ido', 'B.J. Novak', 'Omar Doom', 'August Diehl', 'Denis MÇnochet', 'Sylvester Groth', 'Martin Wuttke', 'Mike Myers', 'Julie Dreyfus']"
Good Will Hunting,1997,126,8.3,70,"1,004,590",$138.43M,"Will Hunting, a janitor at M.I.T., has a gift for mathematics, but needs help from a psychologist to find direction in his life.",Gus Van Sant,"['Robin Williams', 'Matt Damon', 'Ben Affleck', 'Stellan SkarsgÜrd', 'John Mighton', 'Rachel Majorowski', 'Colleen McCauley', 'Casey Affleck', 'Cole Hauser', 'Matt Mercier', 'Ralph St. George', 'Rob Lynds', 'Dan Washington', 'Alison Folland', 'Derrick Bridgeman', 'Vik Sahay', 'Shannon Egleson', 'Rob Lyons']"
Requiem for a Dream,2000,102,8.3,71,"862,144",$3.64M,The drug-induced utopias of four Coney Island people are shattered when their addictions run deep.,Darren Aronofsky,"['Ellen Burstyn', 'Jared Leto', 'Jennifer Connelly', 'Marlon Wayans', 'Christopher McDonald', 'Louise Lasser', 'Marcia Jean Kurtz', 'Janet Sarno', 'Suzanne Shepherd', 'Joanne Gordon', 'Charlotte Aronofsky', 'Mark Margolis', 'Michael Kaycheck', ""Jack O'Connell"", 'Chas Mastin', 'Ajay Naidu', 'Sean Gullette', 'Samia Shoaib']"
Scarface,1983,170,8.3,65,"866,805",$45.60M,"In 1980 Miami, a determined Cuban immigrant takes over a drug cartel and succumbs to greed.",Brian De Palma,"['Al Pacino', 'Michelle Pfeiffer', 'Steven Bauer', 'Mary Elizabeth Mastrantonio', 'Robert Loggia', 'Miriam Colon', 'F. Murray Abraham', 'Paul Shenar', 'Harris Yulin', 'µngel Salazar', 'Arnaldo Santana', 'Pepe Serna', 'Michael P. Moran', 'Al Israel', 'Dennis Holahan', 'Mark Margolis', 'Michael Alldredge', 'Ted Beniades']"
American Beauty,1999,122,8.3,84,"1,174,028",$130.10M,A sexually frustrated suburban father has a mid-life crisis after becoming infatuated with his daughter's best friend.,Sam Mendes,"['Kevin Spacey', 'Annette Bening', 'Thora Birch', 'Wes Bentley', 'Mena Suvari', 'Peter Gallagher', 'Allison Janney', 'Chris Cooper', 'Scott Bakula', 'Sam Robards', 'Barry Del Sherman', 'Ara Celi', 'John Cho', 'Fort Atkinson', 'Sue Casey', 'Kent Faulcon', 'Brenda Wehle', 'Lisa Cloud']"
North by Northwest,1959,136,8.3,98,"334,769",$13.28M,"A New York City advertising executive goes on the run after being mistaken for a government agent by a group of foreign spies, and falls for a woman whose loyalties he begins to doubt.",Alfred Hitchcock,"['Cary Grant', 'Eva Marie Saint', 'James Mason', 'Jessie Royce Landis', 'Leo G. Carroll', 'Josephine Hutchinson', 'Philip Ober', 'Martin Landau', 'Adam Williams', 'Edward Platt', 'Robert Ellenstein', 'Les Tremayne', 'Philip Coolidge', 'Patrick McVey', 'Edward Binns', 'Ken Lynch', 'Stanley Adams', 'John Alban']"
2001: A Space Odyssey,1968,149,8.3,84,"685,889",$56.95M,"After uncovering a mysterious artifact buried beneath the Lunar surface, a spacecraft is sent to Jupiter to find its origins - a spacecraft manned by two men and the supercomputer H.A.L. 9000.",Stanley Kubrick,"['Keir Dullea', 'Gary Lockwood', 'William Sylvester', 'Daniel Richter', 'Leonard Rossiter', 'Margaret Tyzack', 'Robert Beatty', 'Sean Sullivan', 'Douglas Rain', 'Frank Miller', 'Bill Weston', 'Ed Bishop', 'Glenn Beck', 'Alan Gifford', 'Ann Gillis', 'Edwina Carroll', 'Penny Brahms', 'Heather Downham']"
Eternal Sunshine of the Spotless Mind,2004,108,8.3,89,"1,031,890",$34.40M,"When their relationship turns sour, a couple undergoes a medical procedure to have each other erased from their memories for ever.",Michel Gondry,"['Jim Carrey', 'Kate Winslet', 'Tom Wilkinson', 'Gerry Robert Byrne', 'Elijah Wood', 'Thomas Jay Ryan', 'Mark Ruffalo', 'Jane Adams', 'David Cross', 'Kirsten Dunst', 'Ryan Whitney', 'Debbon Ayer', 'Amir Ali Said', 'Brian Price', 'Paulie Litt', 'Josh Flitter', 'Lola Daehler', ""Deirdre O'Connell""]"
